{"cameraMode":{"drawMode":0,"name":"Shaded","section":"Shading Mode"},"sceneLighting":false,"audioPlay":false,"sceneViewState":{"showFog":true,"showMaterialUpdate":false,"showSkybox":false,"showFlares":true,"showImageEffects":true,"showParticleSystems":true},"in2DMode":false,"pivot":{"x":502.0816650390625,"y":10.095192909240723,"z":299.8356628417969},"rotation":{"x":-0.0521027073264122,"y":-0.803300142288208,"z":0.07104762643575669,"w":-0.589073121547699},"size":4.041658401489258,"orthographic":false}