{"cameraMode":{"drawMode":0,"name":"Shaded","section":"Shading Mode"},"sceneLighting":false,"audioPlay":false,"sceneViewState":{"showFog":true,"showMaterialUpdate":false,"showSkybox":false,"showFlares":true,"showImageEffects":true,"showParticleSystems":true},"in2DMode":false,"pivot":{"x":19.40129280090332,"y":1.471413016319275,"z":5.219179153442383},"rotation":{"x":0.026081379503011705,"y":-0.6205509305000305,"z":-0.020666690543293954,"w":-0.7834784388542175},"size":22.0,"orthographic":false}