{"cameraMode":{"drawMode":2,"name":"Shaded Wireframe","section":"Shading Mode"},"sceneLighting":true,"audioPlay":false,"sceneViewState":{"showFog":true,"showMaterialUpdate":false,"showSkybox":true,"showFlares":true,"showImageEffects":true,"showParticleSystems":true},"in2DMode":false,"pivot":{"x":-23.691320419311525,"y":57.46873092651367,"z":-133.1513214111328},"rotation":{"x":0.16602244973182679,"y":0.01448124647140503,"z":-0.002419451717287302,"w":0.9860348701477051},"size":40.49576950073242,"orthographic":false}